,Mean,Median,5perc,95perc
OutputAnalyseCNRM1R16,0.44289088323541537,0.40831795397558723,0.002737003260637944,0.9974473685891985
