,Mean,Median,5perc,95perc
OutputAnalyseNorESM2LMR3,2.7244783798892263,2.2791838285742756,0.6587731254333591,6.212721531884715
