,Mean,Median,5perc,95perc
OutputAnalyseCNRM1R7,0.1507647736051012,0.1307558427127582,-0.16696478733073075,0.532140463059516
