,Mean,Median,5perc,95perc
OutputAnalyseNorESM2LMR1,1.0680361536358864,0.887786118600024,-0.12653021464703634,2.8338580096736377
