,Mean,Median,5perc,95perc
OutputAnalyseCNRM1R8,0.20538708729570004,0.17241738497694525,-0.14755000806847193,0.6705152520769478
