,Mean,Median,5perc,95perc
OutputAnalyseCNRM1R23,0.18140188085576567,0.16563544106204992,-0.10311794147473637,0.5191578177256606
