,Mean,Median,5perc,95perc
OutputAnalyseCNRM1R3,0.246345289028512,0.22713972893441325,-0.05622402054373219,0.6108311713970975
