,Mean,Median,5perc,95perc
OutputAnalyseCNRM1R20,0.30524832653242445,0.2781460540371572,-0.11011606833671148,0.8140353996037394
