,Mean,Median,5perc,95perc
OutputAnalyseNorESM2LMR2,1.7463081257379542,1.5560253830121629,0.3509873825449046,3.755309470160006
