,Mean,Median,5perc,95perc
OutputAnalyseHadGEM3R1,-0.11834486695934791,-0.1339949429810962,-0.3271362524969838,0.14300925093056666
