,Mean,Median,5perc,95perc
OutputAnalyseCNRM1R6,0.19078975194566625,0.1735543067374461,-0.12596759948842995,0.5726982285995778
