,Mean,Median,5perc,95perc
OutputAnalyseCNRM1R27,0.17426734586482948,0.15689864790435243,-0.17010040785825012,0.574451377736117
