,Mean,Median,5perc,95perc
OutputAnalyseCNRM1R30,0.16881959868312058,0.14674405448762273,-0.17750116237477245,0.5904807740277888
