,Mean,Median,5perc,95perc
OutputAnalyseNorESM2MMR3,1.0299922177662377,0.8589180508907002,-0.08393342145186068,2.7079857355954813
