,Mean,Median,5perc,95perc
OutputAnalyseNorESM2MMR1,0.061911597357119194,-0.052707777254302646,-0.7428670916967858,1.2300871492044594
