,Mean,Median,5perc,95perc
OutputAnalyseHadGEM3R3,0.7386243258941677,0.6933208757981872,0.2183295214492423,1.4140379444051703
