,Mean,Median,5perc,95perc
OutputAnalyseCNRM1R25,0.08216064538727355,0.058446283988995595,-0.2589680851414398,0.5047415147899994
