,Mean,Median,5perc,95perc
OutputAnalyseCNRM1R10,0.19342328209623916,0.17966297497702433,-0.09796227022959707,0.5315490213975442
