,Mean,Median,5perc,95perc
OutputAnalyseCNRM1R13,0.18207149516358076,0.15620778182416506,-0.17506451978200188,0.6251933455564465
