,Mean,Median,5perc,95perc
OutputAnalyseNorESM2MMR2,1.3683474620304474,1.2064716171095,0.1855258220625819,3.0677969598909867
