,Mean,Median,5perc,95perc
OutputAnalyseCNRM1R15,0.16349088262541192,0.13881990577163966,-0.17537591331518965,0.5835495865409156
