,Mean,Median,5perc,95perc
OutputAnalyseCNRM1R2,-0.05039186865903478,-0.06207062127560342,-0.32241703052567483,0.26271763805358456
