,Mean,Median,5perc,95perc
OutputAnalyseCNRM1R24,0.3625430402980591,0.32740918173492106,-0.03344581797944768,0.8735210296396191
