,Mean,Median,5perc,95perc
OutputAnalyseCNRM1R21,-0.00376429077275227,-0.01714822082817158,-0.27599830476008685,0.31415492708393694
