,Mean,Median,5perc,95perc
OutputAnalyseCNRM1R29,0.02066154978113272,0.002454363276316651,-0.3124736177662257,0.41444807811506723
