,Mean,Median,5perc,95perc
OutputAnalyseHadGEM3R2,0.2165196826212023,0.18314984576525023,-0.1486565369390992,0.6936619076501511
