,Mean,Median,5perc,95perc
OutputAnalyseCNRM1R11,0.0979421088292917,0.08270870311928724,-0.23220083140112843,0.4784878387235957
