,Mean,Median,5perc,95perc
OutputAnalyseCNRM1R4,0.22610221887485218,0.212056150901349,-0.08189505655091218,0.580249916680916
