,Mean,Median,5perc,95perc
OutputAnalyseCNRM1R17,0.14707360805444475,0.13354221640553876,-0.1398322284833385,0.4779664496280058
