,Mean,Median,5perc,95perc
OutputAnalyseCNRM1R9,0.2123530692907319,0.20535358859408293,-0.08105789831371768,0.5279538302592787
