,Mean,Median,5perc,95perc
OutputAnalyseCNRM1R14,0.2204456989064022,0.1944270915018257,-0.1723508816268062,0.7005632605360552
