,Mean,Median,5perc,95perc
OutputAnalyseCNRM1R5,0.529491551585716,0.47289112845394177,-0.025402817738663347,1.2686019497999104
