,Mean,Median,5perc,95perc
OutputAnalyseCNRM1R28,0.19518833393278656,0.16812846323700542,-0.18065950964530056,0.6629293976479436
