,Mean,Median,5perc,95perc
OutputAnalyseHadGEM3R4,0.7261343350671003,0.6730213082818818,0.2039448101563685,1.420832425886512
