,Mean,Median,5perc,95perc
OutputAnalyseCNRM1R22,0.07936035366360776,0.06116576328647383,-0.22911914266080952,0.44773166023424643
