,Mean,Median,5perc,95perc
OutputAnalyseCNRM1R19,0.5065315577425388,0.4566736722446598,-0.003759502805678069,1.1860762115139747
