,Mean,Median,5perc,95perc
OutputAnalyseCNRM1R18,0.4195186362282619,0.37479471804620634,-0.059773492668285425,1.0455762674343405
