,Mean,Median,5perc,95perc
OutputAnalyseCNRM1R12,0.33349669204414467,0.3022409087810276,-0.08591061385729377,0.8594524667247133
