,Mean,Median,5perc,95perc
OutputAnalyseCNRM1R26,0.25222038029573113,0.2340471712876936,-0.0738488978901712,0.6425517826582222
