,Mean,Median,5perc,95perc
OutputAnalyseCNRM1R1,0.2386923693743858,0.2178976687193641,-0.11787286678394988,0.6633120920584191
